Handle,Title,Body (HTML),Vendor,Product Category,Type,Tags,Published,Option1 Name,Option1 Value,Option1 Linked To,Option2 Name,Option2 Value,Option2 Linked To,Option3 Name,Option3 Value,Option3 Linked To,Variant SKU,Variant Grams,Variant Inventory Tracker,Variant Inventory Qty,Variant Inventory Policy,Variant Fulfillment Service,Variant Price,Variant Compare At Price,Variant Requires Shipping,Variant Taxable,Unit Price Total Measure,Unit Price Total Measure Unit,Unit Price Base Measure,Unit Price Base Measure Unit,Variant Barcode,Image Src,Image Position,Image Alt Text,Gift Card,SEO Title,SEO Description,Variant Image,Variant Weight Unit,Variant Tax Code,Cost per item,Status
reynaldos-soy-chorizo,Reynaldo's Soy Chorizo,<p>Reynaldo's Soy Chorizo - 16/11oz</p>,Reynaldo's,"Food, Beverages & Tobacco > Food Items > Meat, Seafood & Eggs > Meat > Fresh & Frozen Meats > Pork",Food & Beverage,weight,true,Case,16/11oz,,,,,,,,Soy Chorizo Rey (01401116-01),4989.51607,shopify,5,deny,manual,2.24,,true,true,16.0,item,16,item,,https://cdn.shopify.com/s/files/1/0983/2136/7325/files/Reynaldo_s_Soy_Chorizo.webp?v=1778796690,1,"",false,Reynaldo's Soy Chorizo,Buy Reynaldo's Soy Chorizo at Excellentia Foods. 16/11oz,https://cdn.shopify.com/s/files/1/0983/2136/7325/files/Reynaldo_s_Soy_Chorizo.webp?v=1778796690,oz,,1.52,active
salsa-verde-el-campestre,Salsa Verde El Campestre,<p>Salsa Verde El Campestre - 12/16oz</p>,El Campestre,"Food, Beverages & Tobacco > Food Items > Dips & Spreads > Salsa",Food & Beverage,"",true,Case,12/16oz,,,,,,,,SalsaVerde16oz,5443.10844,shopify,0,deny,manual,29.88,,true,true,12.0,item,1,item,,https://cdn.shopify.com/s/files/1/0983/2136/7325/files/Salsa_Verde_El_Campestre.webp?v=1778796795,1,"",false,Salsa Verde El Campestre,Buy Salsa Verde El Campestre at Excellentia Foods. 12/16oz,https://cdn.shopify.com/s/files/1/0983/2136/7325/files/Salsa_Verde_El_Campestre.webp?v=1778796795,oz,,1.84,active
salsa-taquera-el-campestre,Salsa Taquera El Campestre,<p>Salsa Taquera El Campestre - 12/16oz</p>,El Campestre,"Food, Beverages & Tobacco > Food Items > Dips & Spreads > Salsa",Food & Beverage,"",true,Case,12/16oz,,,,,,,,SalsaTaquera16oz,5443.10844,shopify,0,deny,manual,29.88,,true,true,12.0,item,1,item,,,,,false,Salsa Taquera El Campestre,Buy Salsa Taquera El Campestre at Excellentia Foods. 12/16oz,,oz,,1.84,active
salsa-roja-el-campestre,Salsa Roja El Campestre,<p>Salsa Roja El Campestre - 12/16oz</p>,El Campestre,"Food, Beverages & Tobacco > Food Items > Dips & Spreads > Salsa",Food & Beverage,"",true,Case,12/16oz,,,,,,,,SalsaRoja16oz,5443.10844,shopify,0,deny,manual,29.88,,true,true,12.0,item,1,item,,https://cdn.shopify.com/s/files/1/0983/2136/7325/files/Salsa_Roja_El_Campestre.webp?v=1778797146,1,"",false,Salsa Roja El Campestre,Buy Salsa Roja El Campestre at Excellentia Foods. 12/16oz,https://cdn.shopify.com/s/files/1/0983/2136/7325/files/Salsa_Roja_El_Campestre.webp?v=1778797146,oz,,1.84,active
salsa-quemada-el-campestre,Salsa Quemada  El Campestre,<p>Salsa Quemada  El Campestre - 12/16oz</p>,El Campestre,"Food, Beverages & Tobacco > Food Items > Dips & Spreads > Salsa",Food & Beverage,"",true,Case,12/16oz,,,,,,,,SalsaQuemada16oz,5443.10844,shopify,0,deny,manual,29.88,,true,true,12.0,item,1,item,,,,,false,Salsa Quemada  El Campestre,Buy Salsa Quemada  El Campestre at Excellentia Foods. 12/16oz,,oz,,1.84,active
salsa-mexicana-el-campestre,Salsa Mexicana El Campestre,<p>Salsa Mexicana El Campestre - 12/16oz</p>,El Campestre,"Food, Beverages & Tobacco > Food Items > Dips & Spreads > Salsa",Food & Beverage,"",true,Case,12/16oz,,,,,,,,SalsaMexicana16oz,5443.10844,shopify,0,deny,manual,29.88,,true,true,12.0,item,1,item,,,,,false,Salsa Mexicana El Campestre,Buy Salsa Mexicana El Campestre at Excellentia Foods. 12/16oz,,oz,,1.84,active
salsa-el-campestre,Salsa El Campestre,<p>Salsa El Campestre - 12/16oz</p>,El Campestre,"Food, Beverages & Tobacco > Food Items > Dips & Spreads > Salsa",Food & Beverage,"",true,Case,12/16oz,,,,,,,,Salsa16oz,5443.10844,shopify,0,deny,manual,29.88,,true,true,12.0,item,1,item,,,,,false,Salsa El Campestre,Buy Salsa El Campestre at Excellentia Foods. 12/16oz,,oz,,1.84,active
reynaldos-no-sugar-added-rice-pudding,Reynaldo's No Sugar Added Rice Pudding,<p>Reynaldo's No Sugar Added Rice Pudding - 24/7oz</p>,Reynaldo's,"Food, Beverages & Tobacco > Food Items > Prepared Foods",Food & Beverage,weight,true,Case,24/7oz,,,,,,,,Rice Pudding NS Rey (02110724-01),4762.719885,shopify,5,deny,manual,1.50,,true,true,24.0,item,24,item,,https://cdn.shopify.com/s/files/1/0983/2136/7325/files/Reynaldo_s_No_Sugar_Added_Rice_Pudding.webp?v=1778797435,1,"",false,Reynaldo's No Sugar Added Rice Pudding,Buy Reynaldo's No Sugar Added Rice Pudding at Excellentia Foods. 24/7oz,https://cdn.shopify.com/s/files/1/0983/2136/7325/files/Reynaldo_s_No_Sugar_Added_Rice_Pudding.webp?v=1778797435,oz,,0.82,active
reynaldos-rice-pudding,Reynaldo's Rice Pudding,<p>Reynaldo's Rice Pudding - 24/7oz</p>,Reynaldo's,"Food, Beverages & Tobacco > Food Items > Prepared Foods",Food & Beverage,weight,true,Case,24/7oz,,,,,,,,Rice Pudding 24/7oz Rey (02100724),4762.719885,shopify,5,deny,manual,1.50,,true,true,24.0,item,24,item,,https://cdn.shopify.com/s/files/1/0983/2136/7325/files/Reynaldo_s_Rice_Pudding.webp?v=1778797515,1,"",false,Reynaldo's Rice Pudding,Buy Reynaldo's Rice Pudding at Excellentia Foods. 24/7oz,https://cdn.shopify.com/s/files/1/0983/2136/7325/files/Reynaldo_s_Rice_Pudding.webp?v=1778797515,oz,,0.82,active
mole-rojo-juquilita,Mole Rojo Juquilita,<p>Mole Rojo Juquilita - 1box 50units/17oz</p>,Juquilita,"Food, Beverages & Tobacco > Food Items > Condiments & Sauces",Food & Beverage,"",true,Case,1box 50units/17oz,,,,,,,,Mole Rojo,24097.09465625,shopify,0,deny,manual,277.50,,true,true,50.0,item,1,item,,https://cdn.shopify.com/s/files/1/0983/2136/7325/files/Mole_Rojo_Juquilita.webp?v=1778797611,1,"",false,Mole Rojo Juquilita,Buy Mole Rojo Juquilita at Excellentia Foods. 1box 50units/17oz,https://cdn.shopify.com/s/files/1/0983/2136/7325/files/Mole_Rojo_Juquilita.webp?v=1778797611,oz,,3.75,active
mole-negro-juquilita,Mole Negro Juquilita,<p>Mole Negro Juquilita - 1box 50units/17oz</p>,Juquilita,"Food, Beverages & Tobacco > Food Items > Condiments & Sauces",Food & Beverage,"",true,Case,1box 50units/17oz,,,,,,,,Mole Negro,24097.09465625,shopify,0,deny,manual,277.50,,true,true,50.0,item,1,item,,https://cdn.shopify.com/s/files/1/0983/2136/7325/files/Mole_Negro_Juquilita.webp?v=1778797704,1,"",false,Mole Negro Juquilita,Buy Mole Negro Juquilita at Excellentia Foods. 1box 50units/17oz,https://cdn.shopify.com/s/files/1/0983/2136/7325/files/Mole_Negro_Juquilita.webp?v=1778797704,oz,,3.75,active
mole-coloradito-juquilita,Mole Coloradito Juquilita,<p>Mole Coloradito Juquilita - 1 box 50units/17oz</p>,Juquilita,"Food, Beverages & Tobacco > Food Items > Condiments & Sauces",Food & Beverage,"",true,Case,1 box 50units/17oz,,,,,,,,Mole Coloradito,24097.09465625,shopify,0,deny,manual,277.50,,true,true,50.0,item,1,item,,https://cdn.shopify.com/s/files/1/0983/2136/7325/files/Mole_Coloradito_Juquilita.webp?v=1778797819,1,"",false,Mole Coloradito Juquilita,Buy Mole Coloradito Juquilita at Excellentia Foods. 1 box 50units/17oz,https://cdn.shopify.com/s/files/1/0983/2136/7325/files/Mole_Coloradito_Juquilita.webp?v=1778797819,oz,,4.00,active
mole-negro-or-rojo-juquilita,Mole Negro or Rojo Juquilita,<p>Mole Negro or Rojo Juquilita - 1box 50units/17oz</p>,Juquilita,"Food, Beverages & Tobacco > Food Items > Condiments & Sauces",Food & Beverage,"",true,Case,1box 50units/17oz,,,,,,,,Mole,24097.09465625,shopify,0,deny,manual,277.50,,true,true,50.0,item,1,item,,,,,false,Mole Negro or Rojo Juquilita,Buy Mole Negro or Rojo Juquilita at Excellentia Foods. 1box 50units/17oz,,oz,,3.80,active
reynaldos-longaniza,Reynaldo's Longaniza,<p>Reynaldo's Longaniza - 20/10oz</p>,Reynaldo's,"Food, Beverages & Tobacco > Food Items > Meat, Seafood & Eggs > Meat > Fresh & Frozen Meats > Pork",Food & Beverage,weight,true,Case,20/10oz,,,,,,,,Longaniza 20/10oz Rey (01301020-01),5669.904625,shopify,5,deny,manual,4.20,,true,true,20.0,item,20,item,,https://cdn.shopify.com/s/files/1/0983/2136/7325/files/Reynaldo_s_Longaniza.webp?v=1778797968,1,"",false,Reynaldo's Longaniza,Buy Reynaldo's Longaniza at Excellentia Foods. 20/10oz,https://cdn.shopify.com/s/files/1/0983/2136/7325/files/Reynaldo_s_Longaniza.webp?v=1778797968,oz,,2.65,active
lala-probioc-daily-probiotic-shots,LALA ProbioC Daily Probiotic Shots,<p>LALA ProbioC Daily Probiotic Shots - 7 case / 5-2.5 fl oz.</p>,LALA,Health & Beauty > Health Care > Fitness & Nutrition > Vitamins & Supplements > Digestive Supplements,Food & Beverage,"",true,Case,7 case / 5-2.5 fl oz.,,,,,,,,LalaProbioC,2486.2531780625,shopify,0,deny,manual,18.83,,true,true,7.0,item,1,item,,https://cdn.shopify.com/s/files/1/0983/2136/7325/files/LALA_ProbioC_Daily_Probiotic_Shots.webp?v=1778798063,1,"",false,LALA ProbioC Daily Probiotic Shots,Buy LALA ProbioC Daily Probiotic Shots at Excellentia Foods. 7 case / 5-2.5 fl oz,https://cdn.shopify.com/s/files/1/0983/2136/7325/files/LALA_ProbioC_Daily_Probiotic_Shots.webp?v=1778798063,oz,,1.99,active
lala-queso-panela,LALA Queso Panela,<p>LALA Queso Panela - 10/10oz</p>,LALA,"Food, Beverages & Tobacco > Food Items > Dairy Products > Cheese",Food & Beverage,"",true,Case,10/10oz,,,,,,,,LalaPanela,100000.0,shopify,0,deny,manual,38.90,,true,true,10.0,item,1,item,,,,,false,LALA Queso Panela,Buy LALA Queso Panela at Excellentia Foods. 10/10oz,,kg,,2.93,active
lala-queso-oaxaca,LALA Queso Oaxaca,<p>LALA Queso Oaxaca - 10/10oz</p>,LALA,"Food, Beverages & Tobacco > Food Items > Dairy Products > Cheese",Food & Beverage,"",true,Case,10/10oz,,,,,,,,LalaOaxaca,45359.237,shopify,1,deny,manual,55.90,,true,true,10.0,item,1,item,]C101208193930211891726052110061B1V1,,,,false,LALA Queso Oaxaca,Buy LALA Queso Oaxaca at Excellentia Foods. 10/10oz,,lb,,3.94,active
lala-media-crema,LALA Media Crema,<p>LALA Media Crema - 27/8fl oz</p>,LALA,"Food, Beverages & Tobacco > Food Items > Dairy Products > Cream",Food & Beverage,"",true,Case,27/8fl oz,,,,,,,,LALAMedia Crema,6123.496995,shopify,0,deny,manual,53.73,,true,true,27.0,item,1,item,,https://cdn.shopify.com/s/files/1/0983/2136/7325/files/LALA_Media_Crema.webp?v=1778798242,1,"",false,LALA Media Crema,Buy LALA Media Crema at Excellentia Foods. 27/8fl oz,https://cdn.shopify.com/s/files/1/0983/2136/7325/files/LALA_Media_Crema.webp?v=1778798242,oz,,1.45,active
lala-queso-fresco,LALA Queso Fresco,<p>LALA Queso Fresco - 10/10oz</p>,LALA,"Food, Beverages & Tobacco > Food Items > Dairy Products > Cheese",Food & Beverage,"",true,Case,10/10oz,,,,,,,,LalaFresco,2834.9523125,shopify,0,deny,manual,38.90,,true,true,10.0,item,1,item,,,,,false,LALA Queso Fresco,Buy LALA Queso Fresco at Excellentia Foods. 10/10oz,,oz,,2.93,active
rmf-chorizo-griller-spicy,RMF Chorizo Griller Spicy,<p>RMF Chorizo Griller Spicy - 12/12oz</p>,RMF,"Food, Beverages & Tobacco > Food Items > Meat, Seafood & Eggs > Meat > Fresh & Frozen Meats > Pork",Food & Beverage,"",true,Case,12/12oz,,,,,,,,Griller Spicy 01371212-01,4082.33133,shopify,0,deny,manual,43.08,,true,true,12.0,item,1,item,,,,,false,RMF Chorizo Griller Spicy,Buy RMF Chorizo Griller Spicy at Excellentia Foods. 12/12oz,,oz,,2.69,active
rmf-chorizo-griller-al-pastor,RMF Chorizo Griller Al Pastor,<p>RMF Chorizo Griller Al Pastor - 12/12oz</p>,RMF,"Food, Beverages & Tobacco > Food Items > Meat, Seafood & Eggs > Meat > Fresh & Frozen Meats > Pork",Food & Beverage,"",true,Case,12/12oz,,,,,,,,Griller Pastor 01391212-01,4082.33133,shopify,0,deny,manual,43.08,,true,true,12.0,item,1,item,,,,,false,RMF Chorizo Griller Al Pastor,Buy RMF Chorizo Griller Al Pastor at Excellentia Foods. 12/12oz,,oz,,2.69,active
rmf-chorizo-griller-classic,RMF Chorizo Griller Classic,<p>RMF Chorizo Griller Classic - 12/12oz</p>,RMF,"Food, Beverages & Tobacco > Food Items > Meat, Seafood & Eggs > Meat > Fresh & Frozen Meats > Pork",Food & Beverage,"",true,Case,12/12oz,,,,,,,,Griller Classic 01321212-01,4082.33133,shopify,0,deny,manual,43.08,,true,true,12.0,item,1,item,,,,,false,RMF Chorizo Griller Classic,Buy RMF Chorizo Griller Classic at Excellentia Foods. 12/12oz,,oz,,2.69,active
juan-js-flan-napolitano-vaso,Juan J's Flan Napolitano Vaso,<p>Juan J's Flan Napolitano Vaso - 24/4.5oz</p>,Juan J's,"Food, Beverages & Tobacco > Food Items > Bakery > Cakes & Dessert Bars",Food & Beverage,"",true,Case,24/4.5oz,,,,,,,,Flan Napolitano,3061.7484975,shopify,0,deny,manual,36.00,,true,true,24.0,item,1,item,,https://cdn.shopify.com/s/files/1/0983/2136/7325/files/Juan_J_s_Flan_Napolitano_Vaso.webp?v=1778798429,1,"",false,Juan J's Flan Napolitano Vaso,Buy Juan J's Flan Napolitano Vaso at Excellentia Foods. 24/4.5oz,https://cdn.shopify.com/s/files/1/0983/2136/7325/files/Juan_J_s_Flan_Napolitano_Vaso.webp?v=1778798429,oz,,1.15,active
dutch-farms-unsalted-butter-quarters,Dutch Farms Unsalted Butter Quarters,<p>Dutch Farms Unsalted Butter Quarters - 18/1lb</p>,Dutch Farms,"Food, Beverages & Tobacco > Food Items > Dairy Products > Butter & Margarine > Unsalted Butter",Food & Beverage,"",true,Case,18/1lb,,,,,,,,DF Unsalted Butter,8164.66266,shopify,0,deny,manual,87.30,,true,true,18.0,item,1,item,,,,,false,Dutch Farms Unsalted Butter Quarters,Buy Dutch Farms Unsalted Butter Quarters at Excellentia Foods. 18/1lb,,lb,,3.39,active
dutch-farms-swiss-slices,Dutch Farms Swiss Slices,<p>Dutch Farms Swiss Slices - 12/6oz</p>,Dutch Farms,"Food, Beverages & Tobacco > Food Items > Dairy Products > Cheese",Food & Beverage,"",true,Case,12/6oz,,,,,,,,DF Swiss Slices,2041.165665,shopify,0,deny,manual,35.88,,true,true,12.0,item,1,item,,https://cdn.shopify.com/s/files/1/0983/2136/7325/files/Dutch_Farms_Swiss_Slices.webp?v=1778798595,1,"",false,Dutch Farms Swiss Slices,Buy Dutch Farms Swiss Slices at Excellentia Foods. 12/6oz,https://cdn.shopify.com/s/files/1/0983/2136/7325/files/Dutch_Farms_Swiss_Slices.webp?v=1778798595,oz,,2.06,active
dutch-farms-string-cheese,Dutch Farms String Cheese,<p>Dutch Farms String Cheese - 12/16oz</p>,Dutch Farms,"Food, Beverages & Tobacco > Food Items > Dairy Products > Cheese",Food & Beverage,"",true,Case,12/16oz,,,,,,,,DF String Cheese,2041.165665,shopify,0,deny,manual,73.92,,true,true,12.0,item,1,item,,https://cdn.shopify.com/s/files/1/0983/2136/7325/files/Dutch_Farms_String_Cheese.webp?v=1778798723,1,"",false,Dutch Farms String Cheese,Buy Dutch Farms String Cheese at Excellentia Foods. 12/16oz,https://cdn.shopify.com/s/files/1/0983/2136/7325/files/Dutch_Farms_String_Cheese.webp?v=1778798723,oz,,4.31,active
dutch-farms-shredded-sharp-cheddar,Dutch Farms Shredded Sharp Cheddar,<p>Dutch Farms Shredded Sharp Cheddar - 6/2lb</p>,Dutch Farms,"Food, Beverages & Tobacco > Food Items > Dairy Products > Cheese",Food & Beverage,"",true,Case,6/2lb,,,,,,,,DF Shredded Sharp Cheddar 2lb,5443.10844,shopify,0,deny,manual,58.14,,true,true,6.0,item,1,item,,https://cdn.shopify.com/s/files/1/0983/2136/7325/files/Dutch_Farms_Shredded_Sharp_Cheddar.webp?v=1778798804,1,"",false,Dutch Farms Shredded Sharp Cheddar,Buy Dutch Farms Shredded Sharp Cheddar at Excellentia Foods. 6/2lb,https://cdn.shopify.com/s/files/1/0983/2136/7325/files/Dutch_Farms_Shredded_Sharp_Cheddar.webp?v=1778798804,lb,,6.78,active
dutch-farms-shredded-sharp,Dutch Farms Shredded Sharp,<p>Dutch Farms Shredded Sharp - 12/7oz</p>,Dutch Farms,"Food, Beverages & Tobacco > Food Items > Dairy Products > Cheese",Food & Beverage,"",true,Case,12/7oz,,,,,,,,DF Shredded Sharp,2381.3599425,shopify,0,deny,manual,32.28,,true,true,12.0,item,1,item,,https://cdn.shopify.com/s/files/1/0983/2136/7325/files/Dutch_Farms_Shredded_Sharp_Cheddar_39045dba-13c8-4335-8e9c-e3ac9f624e21.webp?v=1778798889,1,"",false,Dutch Farms Shredded Sharp,Buy Dutch Farms Shredded Sharp at Excellentia Foods. 12/7oz,https://cdn.shopify.com/s/files/1/0983/2136/7325/files/Dutch_Farms_Shredded_Sharp_Cheddar_39045dba-13c8-4335-8e9c-e3ac9f624e21.webp?v=1778798889,oz,,1.86,active
dutch-farms-shredded-quesadilla,Dutch Farms Shredded Quesadilla,<p>Dutch Farms Shredded Quesadilla - 12/8oz</p>,Dutch Farms,"Food, Beverages & Tobacco > Food Items > Dairy Products > Cheese",Food & Beverage,"",true,Case,12/8oz,,,,,,,,DF Shredded Quesadilla,2721.55422,shopify,0,deny,manual,32.28,,true,true,12.0,item,1,item,,,,,false,Dutch Farms Shredded Quesadilla,Buy Dutch Farms Shredded Quesadilla at Excellentia Foods. 12/8oz,,oz,,1.86,active
dutch-farms-shredded-quesadilla,,,,,,,,,6/2lb,,,,,,,,DF Shredded Quesadilla 2lb,5443.10844,shopify,0,deny,manual,58.14,,true,true,6.0,item,1,item,,,,,,,,,lb,,6.78,
dutch-farms-shredded-mozzarella,Dutch Farms Shredded Mozzarella,<p>Dutch Farms Shredded Mozzarella - 12/8oz</p>,Dutch Farms,"Food, Beverages & Tobacco > Food Items > Dairy Products > Cheese",Food & Beverage,"",true,Case,12/8oz,,,,,,,,DF Shredded Mozzarella,2721.55422,shopify,0,deny,manual,32.28,,true,true,12.0,item,1,item,,,,,false,Dutch Farms Shredded Mozzarella,Buy Dutch Farms Shredded Mozzarella at Excellentia Foods. 12/8oz,,oz,,1.86,active
dutch-farms-shredded-mozzarella,,,,,,,,,6/2lb,,,,,,,,DF Shredded Mozzarella 2lb,5443.10844,shopify,0,deny,manual,58.14,,true,true,6.0,item,1,item,,,,,,,,,lb,,6.78,
dutch-farms-shredded-monterey-jack,Dutch Farms Shredded Monterey Jack,<p>Dutch Farms Shredded Monterey Jack - 12/8oz</p>,Dutch Farms,"Food, Beverages & Tobacco > Food Items > Dairy Products > Cheese",Food & Beverage,"",true,Case,12/8oz,,,,,,,,DF Shredded Monterey Jack,2721.55422,shopify,0,deny,manual,32.28,,true,true,12.0,item,1,item,,,,,false,Dutch Farms Shredded Monterey Jack,Buy Dutch Farms Shredded Monterey Jack at Excellentia Foods. 12/8oz,,oz,,1.86,active
dutch-farms-shredded-monterey-jack,,,,,,,,,6/2lb,,,,,,,,DF Shredded Monterey Jack 2lb,5443.10844,shopify,0,deny,manual,58.14,,true,true,6.0,item,1,item,,,,,,,,,lb,,6.78,
dutch-farms-shredded-mild-cheddar,Dutch Farms Shredded Mild Cheddar,<p>Dutch Farms Shredded Mild Cheddar - 12/8oz</p>,Dutch Farms,"Food, Beverages & Tobacco > Food Items > Dairy Products > Cheese",Food & Beverage,"",true,Case,12/8oz,,,,,,,,DF Shredded Mild Cheddar,2721.55422,shopify,0,deny,manual,32.28,,true,true,12.0,item,1,item,,,,,false,Dutch Farms Shredded Mild Cheddar,Buy Dutch Farms Shredded Mild Cheddar at Excellentia Foods. 12/8oz,,oz,,1.86,active
dutch-farms-shredded-mexican,Dutch Farms Shredded Mexican,<p>Dutch Farms Shredded Mexican - 12/8oz</p>,Dutch Farms,"Food, Beverages & Tobacco > Food Items > Dairy Products > Cheese",Food & Beverage,"",true,Case,12/8oz,,,,,,,,DF Shredded Mexican,2721.55422,shopify,0,deny,manual,32.28,,true,true,12.0,item,1,item,,,,,false,Dutch Farms Shredded Mexican,Buy Dutch Farms Shredded Mexican at Excellentia Foods. 12/8oz,,oz,,1.86,active
dutch-farms-shredded-mexican,,,,,,,,,6/2lb,,,,,,,,DF Shredded Mexican 2lb,5443.10844,shopify,0,deny,manual,58.14,,true,true,6.0,item,1,item,,,,,,,,,lb,,6.78,
dutch-farms-shredded-marble-jack,Dutch Farms Shredded Marble Jack,<p>Dutch Farms Shredded Marble Jack - 6/2lb</p>,Dutch Farms,"Food, Beverages & Tobacco > Food Items > Dairy Products > Cheese",Food & Beverage,"",true,Case,6/2lb,,,,,,,,DF Shredded Marble Jack 2lb,5443.10844,shopify,0,deny,manual,58.14,,true,true,6.0,item,1,item,,,,,false,Dutch Farms Shredded Marble Jack,Buy Dutch Farms Shredded Marble Jack at Excellentia Foods. 6/2lb,,lb,,6.78,active
dutch-farms-shredded-italian,Dutch Farms Shredded Italian,<p>Dutch Farms Shredded Italian - 12/8oz</p>,Dutch Farms,"Food, Beverages & Tobacco > Food Items > Dairy Products > Cheese",Food & Beverage,"",true,Case,12/8oz,,,,,,,,DF Shredded Italian,2721.55422,shopify,0,deny,manual,32.28,,true,true,12.0,item,1,item,,,,,false,Dutch Farms Shredded Italian,Buy Dutch Farms Shredded Italian at Excellentia Foods. 12/8oz,,oz,,1.86,active
dutch-farms-shredded-colby-jack,Dutch Farms Shredded Colby Jack,<p>Dutch Farms Shredded Colby Jack - 12/8oz</p>,Dutch Farms,"Food, Beverages & Tobacco > Food Items > Dairy Products > Cheese",Food & Beverage,"",true,Case,12/8oz,,,,,,,,DF Shredded Colby Jack,2721.55422,shopify,0,deny,manual,32.28,,true,true,12.0,item,1,item,,,,,false,Dutch Farms Shredded Colby Jack,Buy Dutch Farms Shredded Colby Jack at Excellentia Foods. 12/8oz,,oz,,1.86,active
dutch-farms-shredded-cheddar-pepper-jack,Dutch Farms Shredded Cheddar Pepper Jack,<p>Dutch Farms Shredded Cheddar Pepper Jack - 12/8oz</p>,Dutch Farms,"Food, Beverages & Tobacco > Food Items > Dairy Products > Cheese",Food & Beverage,"",true,Case,12/8oz,,,,,,,,DF Shredded Cheddar Pepper Jack,2721.55422,shopify,0,deny,manual,32.28,,true,true,12.0,item,1,item,,,,,false,Dutch Farms Shredded Cheddar Pepper Jack,Buy Dutch Farms Shredded Cheddar Pepper Jack at Excellentia Foods. 12/8oz,,oz,,1.86,active
dutch-farms-shredded-cheddar-jack,Dutch Farms Shredded Cheddar Jack,<p>Dutch Farms Shredded Cheddar Jack - 12/8oz</p>,Dutch Farms,"Food, Beverages & Tobacco > Food Items > Dairy Products > Cheese",Food & Beverage,"",true,Case,12/8oz,,,,,,,,DF Shredded Cheddar Jack,2721.55422,shopify,0,deny,manual,32.28,,true,true,12.0,item,1,item,,,,,false,Dutch Farms Shredded Cheddar Jack,Buy Dutch Farms Shredded Cheddar Jack at Excellentia Foods. 12/8oz,,oz,,1.86,active
dutch-farms-shredded-cheddar-jack,,,,,,,,,6/2lb,,,,,,,,DF Shredded Cheddar Jack 2lb,5443.10844,shopify,0,deny,manual,58.14,,true,true,6.0,item,1,item,,,,,,,,,lb,,6.78,
dutch-farms-shredded-cheddar,Dutch Farms Shredded Cheddar,<p>Dutch Farms Shredded Cheddar - 6/2lb</p>,Dutch Farms,"Food, Beverages & Tobacco > Food Items > Dairy Products > Cheese",Food & Beverage,"",true,Case,6/2lb,,,,,,,,DF Shredded Cheddar 2lb,5443.10844,shopify,0,deny,manual,58.14,,true,true,6.0,item,1,item,,,,,false,Dutch Farms Shredded Cheddar,Buy Dutch Farms Shredded Cheddar at Excellentia Foods. 6/2lb,,lb,,6.78,active
dutch-farms-shredded-carolina-reaper,Dutch Farms Shredded Carolina Reaper,<p>Dutch Farms Shredded Carolina Reaper - 12/7oz</p>,Dutch Farms,"Food, Beverages & Tobacco > Food Items > Dairy Products > Cheese",Food & Beverage,"",true,Case,12/7oz,,,,,,,,DF Shredded Carolina Reaper,2409.709465625,shopify,0,deny,manual,32.28,,true,true,12.0,item,1,item,,,,,false,Dutch Farms Shredded Carolina Reaper,Buy Dutch Farms Shredded Carolina Reaper at Excellentia Foods. 12/7oz,,oz,,1.86,active
dutch-farms-sharp-cheddar-slices,Dutch Farms Sharp Cheddar Slices,<p>Dutch Farms Sharp Cheddar Slices - 12/6oz</p>,Dutch Farms,"Food, Beverages & Tobacco > Food Items > Dairy Products > Cheese",Food & Beverage,"",true,Case,12/6oz,,,,,,,,DF Sharp Cheddar Slices,2041.165665,shopify,0,deny,manual,31.08,,true,true,12.0,item,1,item,,,,,false,Dutch Farms Sharp Cheddar Slices,Buy Dutch Farms Sharp Cheddar Slices at Excellentia Foods. 12/6oz,,oz,,1.78,active
dutch-farms-sharp-cheddar-bar,Dutch Farms Sharp Cheddar Bar,<p>Dutch Farms Sharp Cheddar Bar - 12/8oz</p>,Dutch Farms,"Food, Beverages & Tobacco > Food Items > Dairy Products > Cheese",Food & Beverage,"",true,Case,12/8oz,,,,,,,,DF Sharp Cheddar Bar,2721.55422,shopify,0,deny,manual,32.28,,true,true,12.0,item,1,item,,,,,false,Dutch Farms Sharp Cheddar Bar,Buy Dutch Farms Sharp Cheddar Bar at Excellentia Foods. 12/8oz,,oz,,1.86,active
dutch-farms-sharp-bar,Dutch Farms Sharp Bar,<p>Dutch Farms Sharp Bar - 12/16oz</p>,Dutch Farms,"Food, Beverages & Tobacco > Food Items > Dairy Products > Cheese",Food & Beverage,"",true,Case,12/16oz,,,,,,,,DF Sharp Bar 1lb,5443.10844,shopify,0,deny,manual,62.40,,true,true,12.0,item,1,item,,,,,false,Dutch Farms Sharp Bar,Buy Dutch Farms Sharp Bar at Excellentia Foods. 12/16oz,,oz,,3.64,active
dutch-farms-salted-butter-quarters,Dutch Farms Salted Butter Quarters,<p>Dutch Farms Salted Butter Quarters - 36/1lb</p>,Dutch Farms,"Food, Beverages & Tobacco > Food Items > Dairy Products > Butter & Margarine > Salted Butter",Food & Beverage,"",true,Case,36/1lb,,,,,,,,DF Salted Butter,1020.5828325,shopify,0,deny,manual,174.60,,true,true,36.0,item,1,item,,,,,false,Dutch Farms Salted Butter Quarters,Buy Dutch Farms Salted Butter Quarters at Excellentia Foods. 36/1lb,,oz,,3.39,active
dutch-farms-regular-bacon,Dutch Farms Regular Bacon,<p>Dutch Farms Regular Bacon - 12/1lb</p>,Dutch Farms,"Food, Beverages & Tobacco > Food Items > Meat, Seafood & Eggs > Meat > Fresh & Frozen Meats > Pork",Food & Beverage,"",true,Case,12/1lb,,,,,,,,DF Regular Bacon,340.1942775,shopify,0,deny,manual,73.56,,true,true,12.0,item,1,item,,,,,false,Dutch Farms Regular Bacon,Buy Dutch Farms Regular Bacon at Excellentia Foods. 12/1lb,,oz,,4.29,active
dutch-farms-provolone-slices,Dutch Farms Provolone Slices,<p>Dutch Farms Provolone Slices - 12/6oz</p>,Dutch Farms,"Food, Beverages & Tobacco > Food Items > Dairy Products > Cheese",Food & Beverage,"",true,Case,12/6oz,,,,,,,,DF Provolone Slices,2041.165665,shopify,0,deny,manual,58.14,,true,true,12.0,item,1,item,,,,,false,Dutch Farms Provolone Slices,Buy Dutch Farms Provolone Slices at Excellentia Foods. 12/6oz,,oz,,1.78,active
dutch-farms-pepper-jack-slices,Dutch Farms Pepper Jack Slices,<p>Dutch Farms Pepper Jack Slices - 12/6oz</p>,Dutch Farms,"Food, Beverages & Tobacco > Food Items > Dairy Products > Cheese",Food & Beverage,"",true,Case,12/6oz,,,,,,,,DF Pepper Jack Slices,2041.165665,shopify,0,deny,manual,58.14,,true,true,12.0,item,1,item,,,,,false,Dutch Farms Pepper Jack Slices,Buy Dutch Farms Pepper Jack Slices at Excellentia Foods. 12/6oz,,oz,,1.78,active
dutch-farms-pepper-jack-bar,Dutch Farms Pepper Jack Bar,<p>Dutch Farms Pepper Jack Bar - 12/8oz</p>,Dutch Farms,"Food, Beverages & Tobacco > Food Items > Dairy Products > Cheese",Food & Beverage,"",true,Case,12/8oz,,,,,,,,DF Pepper Jack Bar,2721.55422,shopify,0,deny,manual,32.28,,true,true,12.0,item,1,item,,,,,false,Dutch Farms Pepper Jack Bar,Buy Dutch Farms Pepper Jack Bar at Excellentia Foods. 12/8oz,,oz,,1.86,active
dutch-farms-muenster-slices,Dutch Farms Muenster Slices,<p>Dutch Farms Muenster Slices - 12/6oz</p>,Dutch Farms,"Food, Beverages & Tobacco > Food Items > Dairy Products > Cheese",Food & Beverage,"",true,Case,12/6oz,,,,,,,,DF Muenster Slices,2041.165665,shopify,0,deny,manual,58.14,,true,true,12.0,item,1,item,,,,,false,Dutch Farms Muenster Slices,Buy Dutch Farms Muenster Slices at Excellentia Foods. 12/6oz,,oz,,1.78,active
dutch-farms-mozzarella-lmps-slices,Dutch Farms Mozzarella LMPS Slices,<p>Dutch Farms Mozzarella LMPS Slices - 12/6oz</p>,Dutch Farms,"Food, Beverages & Tobacco > Food Items > Dairy Products > Cheese",Food & Beverage,"",true,Case,12/6oz,,,,,,,,DF Mozzarella LMPS Slices,2041.165665,shopify,0,deny,manual,58.14,,true,true,12.0,item,1,item,,,,,false,Dutch Farms Mozzarella LMPS Slices,Buy Dutch Farms Mozzarella LMPS Slices at Excellentia Foods. 12/6oz,,oz,,1.78,active
dutch-farms-mozzarella-bar,Dutch Farms Mozzarella Bar,<p>Dutch Farms Mozzarella Bar - 12/8oz</p>,Dutch Farms,"Food, Beverages & Tobacco > Food Items > Dairy Products > Cheese",Food & Beverage,"",true,Case,12/8oz,,,,,,,,DF Mozzarella Bar,2721.55422,shopify,0,deny,manual,32.28,,true,true,12.0,item,1,item,,,,,false,Dutch Farms Mozzarella Bar,Buy Dutch Farms Mozzarella Bar at Excellentia Foods. 12/8oz,,oz,,1.86,active
dutch-farms-mozzarella-bar,,,,,,,,,12/16oz,,,,,,,,DF Mozzarella Bar 1lb,4082.33133,shopify,0,deny,manual,57.48,,true,true,12.0,item,1,item,,,,,,,,,oz,,3.33,
dutch-farms-mozzarella-ball,Dutch Farms Mozzarella Ball,<p>Dutch Farms Mozzarella Ball - 12/16oz</p>,Dutch Farms,"Food, Beverages & Tobacco > Food Items > Dairy Products > Cheese",Food & Beverage,"",true,Case,12/16oz,,,,,,,,DF Mozzarella Ball,4082.33133,shopify,0,deny,manual,64.32,,true,true,12.0,item,1,item,,,,,false,Dutch Farms Mozzarella Ball,Buy Dutch Farms Mozzarella Ball at Excellentia Foods. 12/16oz,,oz,,3.77,active
dutch-farms-monterey-jack-bar,Dutch Farms Monterey Jack Bar,<p>Dutch Farms Monterey Jack Bar - 12/8oz</p>,Dutch Farms,"Food, Beverages & Tobacco > Food Items > Dairy Products > Cheese",Food & Beverage,"",true,Case,12/8oz,,,,,,,,DF Monterey Jack Bar,2721.55422,shopify,0,deny,manual,32.28,,true,true,12.0,item,1,item,,,,,false,Dutch Farms Monterey Jack Bar,Buy Dutch Farms Monterey Jack Bar at Excellentia Foods. 12/8oz,,oz,,1.86,active
dutch-farms-monterey-jack-bar,,,,,,,,,12/16oz,,,,,,,,DF Monterey Jack Bar 1lb,4082.33133,shopify,0,deny,manual,57.48,,true,true,12.0,item,1,item,,,,,,,,,oz,,3.33,
dutch-farms-mild-cheddar-slices,Dutch Farms Mild Cheddar Slices,<p>Dutch Farms Mild Cheddar Slices - 12/6oz</p>,Dutch Farms,"Food, Beverages & Tobacco > Food Items > Dairy Products > Cheese",Food & Beverage,"",true,Case,12/6oz,,,,,,,,DF Mild Cheddar Slices,2721.55422,shopify,0,deny,manual,31.08,,true,true,12.0,item,1,item,,,,,false,Dutch Farms Mild Cheddar Slices,Buy Dutch Farms Mild Cheddar Slices at Excellentia Foods. 12/6oz,,oz,,1.78,active
dutch-farms-mild-cheddar-bar,Dutch Farms Mild Cheddar Bar,<p>Dutch Farms Mild Cheddar Bar - 12/8oz</p>,Dutch Farms,"Food, Beverages & Tobacco > Food Items > Dairy Products > Cheese",Food & Beverage,"",true,Case,12/8oz,,,,,,,,DF Mild Cheddar Bar,2721.55422,shopify,0,deny,manual,32.28,,true,true,12.0,item,1,item,,,,,false,Dutch Farms Mild Cheddar Bar,Buy Dutch Farms Mild Cheddar Bar at Excellentia Foods. 12/8oz,,oz,,1.86,active
dutch-farms-mild-cheddar-bar,,,,,,,,,12/16oz,,,,,,,,DF Mild Cheddar Bar 1lb,4082.33133,shopify,0,deny,manual,57.48,,true,true,12.0,item,1,item,,,,,,,,,oz,,3.33,
dutch-farms-medium-cheddar-bar,Dutch Farms Medium Cheddar Bar,<p>Dutch Farms Medium Cheddar Bar - 12/8oz</p>,Dutch Farms,"Food, Beverages & Tobacco > Food Items > Dairy Products > Cheese",Food & Beverage,"",true,Case,12/8oz,,,,,,,,DF Medium Cheddar Bar,2721.55422,shopify,0,deny,manual,32.28,,true,true,12.0,item,1,item,,,,,false,Dutch Farms Medium Cheddar Bar,Buy Dutch Farms Medium Cheddar Bar at Excellentia Foods. 12/8oz,,oz,,1.86,active
dutch-farms-medium-cheddar-bar,,,,,,,,,12/16oz,,,,,,,,DF Medium Cheddar Bar 1lb,4082.33133,shopify,0,deny,manual,57.48,,true,true,12.0,item,1,item,,,,,,,,,oz,,3.33,
dutch-farms-marble-jack-bar,Dutch Farms Marble Jack Bar,<p>Dutch Farms Marble Jack Bar - 12/8oz</p>,Dutch Farms,"Food, Beverages & Tobacco > Food Items > Dairy Products > Cheese",Food & Beverage,"",true,Case,12/8oz,,,,,,,,DF Marble Jack Bar,2721.55422,shopify,0,deny,manual,32.28,,true,true,12.0,item,1,item,,,,,false,Dutch Farms Marble Jack Bar,Buy Dutch Farms Marble Jack Bar at Excellentia Foods. 12/8oz,,oz,,1.86,active
dutch-farms-marble-jack-bar,,,,,,,,,12/16oz,,,,,,,,DF Marble Jack Bar 1lb,4082.33133,shopify,0,deny,manual,57.48,,true,true,12.0,item,1,item,,,,,,,,,oz,,3.33,
dutch-farms-habanero-jack-slices,Dutch Farms Habanero Jack Slices,<p>Dutch Farms Habanero Jack Slices - 12/6oz</p>,Dutch Farms,"Food, Beverages & Tobacco > Food Items > Dairy Products > Cheese",Food & Beverage,"",true,Case,12/6oz,,,,,,,,DF Habanero Jack Slices,2041.165665,shopify,0,deny,manual,31.08,,true,true,12.0,item,1,item,,,,,false,Dutch Farms Habanero Jack Slices,Buy Dutch Farms Habanero Jack Slices at Excellentia Foods. 12/6oz,,oz,,1.78,active
dutch-farms-grated-parmesan,Dutch Farms Grated Parmesan,<p>Dutch Farms Grated Parmesan - 12/8oz</p>,Dutch Farms,"Food, Beverages & Tobacco > Food Items > Dairy Products > Cheese",Food & Beverage,"",true,Case,12/8oz,,,,,,,,DF Grated Parmesan,2721.55422,shopify,0,deny,manual,40.80,,true,true,12.0,item,1,item,,,,,false,Dutch Farms Grated Parmesan,Buy Dutch Farms Grated Parmesan at Excellentia Foods. 12/8oz,,oz,,2.38,active
dutch-farms-extra-sharp-cheddar-bar,Dutch Farms Extra Sharp Cheddar Bar,<p>Dutch Farms Extra Sharp Cheddar Bar - 12/8oz</p>,Dutch Farms,"Food, Beverages & Tobacco > Food Items > Dairy Products > Cheese",Food & Beverage,"",true,Case,12/8oz,,,,,,,,DF Extra Sharp Cheddar Bar,2721.55422,shopify,0,deny,manual,32.28,,true,true,12.0,item,1,item,,,,,false,Dutch Farms Extra Sharp Cheddar Bar,Buy Dutch Farms Extra Sharp Cheddar Bar at Excellentia Foods. 12/8oz,,oz,,1.86,active
dutch-farms-extra-sharp-bar,Dutch Farms Extra Sharp Bar,<p>Dutch Farms Extra Sharp Bar - 12/16oz</p>,Dutch Farms,"Food, Beverages & Tobacco > Food Items > Dairy Products > Cheese",Food & Beverage,"",true,Case,12/16oz,,,,,,,,DF Extra Sharp Bar 1lb,4082.33133,shopify,0,deny,manual,62.40,,true,true,12.0,item,1,item,,,,,false,Dutch Farms Extra Sharp Bar,Buy Dutch Farms Extra Sharp Bar at Excellentia Foods. 12/16oz,,oz,,3.64,active
dutch-farms-deluxe-american-singles,Dutch Farms Deluxe American Singles,<p>Dutch Farms Deluxe American Singles - 12/16oz</p>,Dutch Farms,"Food, Beverages & Tobacco > Food Items > Dairy Products > Cheese",Food & Beverage,"",true,Case,12/16oz,,,,,,,,DF Deluxe American Singles,4082.33133,shopify,0,deny,manual,59.88,,true,true,12.0,item,1,item,,,,,false,Dutch Farms Deluxe American Singles,Buy Dutch Farms Deluxe American Singles at Excellentia Foods. 12/16oz,,oz,,3.48,active
dutch-farms-cream-cheese-bar,Dutch Farms Cream Cheese Bar,<p>Dutch Farms Cream Cheese Bar - 36/8oz</p>,Dutch Farms,"Food, Beverages & Tobacco > Food Items > Dips & Spreads > Cream Cheese",Food & Beverage,"",true,Case,36/8oz,,,,,,,,DF Cream Cheese Bar,8164.66266,shopify,0,deny,manual,31.08,,true,true,12.0,item,1,item,,,,,false,Dutch Farms Cream Cheese Bar,Buy Dutch Farms Cream Cheese Bar at Excellentia Foods. 36/8oz,,oz,,1.73,active
dutch-farms-colby-jack-slices,Dutch Farms Colby Jack Slices,<p>Dutch Farms Colby Jack Slices - 12/6oz</p>,Dutch Farms,"Food, Beverages & Tobacco > Food Items > Dairy Products > Cheese",Food & Beverage,"",true,Case,12/6oz,,,,,,,,DF Colby Jack Slices,2041.165665,shopify,0,deny,manual,31.08,,true,true,12.0,item,1,item,,,,,false,Dutch Farms Colby Jack Slices,Buy Dutch Farms Colby Jack Slices at Excellentia Foods. 12/6oz,,oz,,1.78,active
dutch-farms-applewood-smoked-bacon,Dutch Farms Applewood Smoked Bacon,<p>Dutch Farms Applewood Smoked Bacon - 12/1lb</p>,Dutch Farms,"Food, Beverages & Tobacco > Food Items > Meat, Seafood & Eggs > Meat > Fresh & Frozen Meats > Pork",Food & Beverage,"",true,Case,12/1lb,,,,,,,,DF Applewood Smoked Bacon,55338.26914,shopify,0,deny,manual,73.56,,true,true,12.0,item,1,item,,,,,false,Dutch Farms Applewood Smoked Bacon,Buy Dutch Farms Applewood Smoked Bacon at Excellentia Foods. 12/1lb,,lb,,4.29,active
dutch-farms-american-singles,Dutch Farms American Singles,<p>Dutch Farms American Singles - 12/12oz</p>,Dutch Farms,"Food, Beverages & Tobacco > Food Items > Meat, Seafood & Eggs > Meat > Fresh & Frozen Meats > Pork",Food & Beverage,"",true,Case,12/12oz,,,,,,,,DF American Singles,4082.33133,shopify,0,deny,manual,31.08,,true,true,12.0,item,1,item,,,,,false,Dutch Farms American Singles,Buy Dutch Farms American Singles at Excellentia Foods. 12/12oz,,oz,,1.80,active
cremi-mex-tamal-de-elote-dulce,Cremi Mex Tamal de Elote Dulce,<p>Cremi Mex Tamal de Elote Dulce - 60/5oz</p>,Cremi Mex,"Food, Beverages & Tobacco > Food Items > Prepared Foods",Food & Beverage,weight,true,Case,60/5oz,,,,,,,,CMEX Tamal Elote-5011,8504.8569375,shopify,0,deny,manual,81.00,,true,true,60.0,item,1,item,,,,,false,Cremi Mex Tamal de Elote Dulce,Buy Cremi Mex Tamal de Elote Dulce at Excellentia Foods. 60/5oz,,oz,,1.00,active
cremi-mex-crema-mexicana-cup,Cremi Mex Crema Mexicana Cup,<p>Cremi Mex Crema Mexicana Cup - 12/16oz</p>,Cremi Mex,"Food, Beverages & Tobacco > Food Items > Dairy Products > Sour Cream",Food & Beverage,weight,true,Case,12/16oz,,,,,,,,CMEX Crema Mex Vaso-1081,87089.73504,shopify,0,deny,manual,29.88,,true,true,12.0,item,1,item,,,,,false,Cremi Mex Crema Mexicana Cup,Buy Cremi Mex Crema Mexicana Cup at Excellentia Foods. 12/16oz,,lb,,1.70,active
cremi-mex-crema-centro-amer-cup,Cremi Mex Crema Centro Amer Cup,<p>Cremi Mex Crema Centro Amer Cup - 12/16oz</p>,Cremi Mex,"Food, Beverages & Tobacco > Food Items > Dairy Products > Sour Cream",Food & Beverage,weight,true,Case,12/16oz,,,,,,,,CMEX Crema CtrA Vaso-1082,87089.73504,shopify,0,deny,manual,147.48,,true,true,12.0,item,1,item,,,,,false,Cremi Mex Crema Centro Amer Cup,Buy Cremi Mex Crema Centro Amer Cup at Excellentia Foods. 12/16oz,,lb,,1.70,active
capeador-fish-taco-batter-mix,Capeador-Fish Taco Batter Mix,<p>Capeador-Fish Taco Batter Mix - 20/16oz</p>,EsEns,"Food, Beverages & Tobacco > Food Items > Cooking & Baking Ingredients > Batter & Coating Mixes",Food & Beverage,"",true,Case,20/16oz,,,,,,,,Capeador-Fish Taco Batter Mix 20/16oz,9071.8474,shopify,0,deny,manual,65.00,,true,true,1.0,item,1,item,,,,,false,Capeador-Fish Taco Batter Mix,Buy Capeador-Fish Taco Batter Mix at Excellentia Foods. 20/16oz,,oz,,2.26,active
bafar-tocino-ahumado,Bafar Tocino Ahumado (,<p>Bafar Tocino Ahumado ( - 30/8.8 oz)</p>,Bafar,"Food, Beverages & Tobacco > Food Items > Meat, Seafood & Eggs > Meat > Fresh & Frozen Meats > Pork",Food & Beverage,weight,true,Case,30/8.8 oz),,,,,,,,Bacon,7484.274105,shopify,0,deny,manual,119.70,,true,true,30.0,lb,1,lb,,,,,false,Bafar Tocino Ahumado (,Buy Bafar Tocino Ahumado ( at Excellentia Foods. 30/8.8 oz),,oz,,2.69,active
bafar-jamon-pavo,Bafar Jamon Pavo,<p>Bafar Jamon Pavo - 21.15#</p>,Bafar,"Food, Beverages & Tobacco > Food Items > Meat, Seafood & Eggs > Meat > Fresh & Frozen Meats > Poultry > Turkey",Food & Beverage,weight,true,Case,21.15#,,,,,,,,Turkey Ham,9593.4786255,shopify,-1,deny,manual,3.84,,true,true,1.0,lb,1,lb,,,,,false,Bafar Jamon Pavo,Buy Bafar Jamon Pavo at Excellentia Foods. 21.15#,,lb,,2.65,active
chorizo-salvadoreo,Chorizo Salvadoreño,<p>Chorizo Salvadore??o - 15#</p>,Excellentia Foods,"Food, Beverages & Tobacco > Food Items > Meat, Seafood & Eggs > Meat > Fresh & Frozen Meats > Pork",Food & Beverage,"",true,Case,15#,,,,,,,,Salvadore??o,6803.88555,shopify,0,deny,manual,53.85,,true,true,15.0,lb,1,lb,,,,,false,Chorizo Salvadore??o,Buy Chorizo Salvadore??o at Excellentia Foods. 15#,,lb,,2.60,active
juan-js-rice-pudding-bucket,Juan J's Rice Pudding Bucket,<p>Juan J's Rice Pudding Bucket - 10#</p>,Juan J's,"Food, Beverages & Tobacco > Food Items > Prepared Foods",Food & Beverage,"",true,Case,10#,,,,,,,,Rice Pudding Cubeta,4535.9237,shopify,0,deny,manual,21.40,,true,true,10.0,lb,1,lb,,,,,false,Juan J's Rice Pudding Bucket,Buy Juan J's Rice Pudding Bucket at Excellentia Foods. 10#,,lb,,1.40,active
requeson-pail,Requeson Pail,<p>Requeson Pail - 12lb Tio Francisco</p>,Tio Francisco,"Food, Beverages & Tobacco > Food Items > Dairy Products > Cheese",Food & Beverage,weight,true,Case,12lb Tio Francisco,,,,,,,,Requeson 12lb Tio Francisco,5443.10844,shopify,0,deny,manual,29.88,,true,true,12.0,lb,1,lb,,,,,false,Requeson Pail,Buy Requeson Pail at Excellentia Foods. 12lb Tio Francisco,,lb,,1.99,active
rellena,Rellena,<p>Rellena - 10lbs</p>,Excellentia Foods,"Food, Beverages & Tobacco > Food Items > Dairy Products > Cheese",Food & Beverage,"",true,Case,10lbs,,,,,,,,Rellena,4535.9237,shopify,0,deny,manual,56.50,,true,true,10.0,lb,1,lb,,,,,false,Rellena,Buy Rellena at Excellentia Foods. 10lbs,,lb,,4.50,active
quesillo-de,Quesillo de,<p>Quesillo de - 1/2 kilo (50lbs - cs/5 /10lbs)</p>,Excellentia Foods,"Food, Beverages & Tobacco > Food Items > Dairy Products > Cheese",Food & Beverage,"",true,Case,1/2 kilo (50lbs - cs/5 /10lbs),,,,,,,,Quesillo1/2Kilo,22679.6185,shopify,0,deny,manual,79.90,,true,true,10.0,lb,1,lb,,,,,false,Quesillo de,Buy Quesillo de at Excellentia Foods. 1/2 kilo (50lbs - cs/5 /10lbs),,lb,,5.64,active
reynaldos-premium-chorizo,Reynaldo's Premium Chorizo,<p>Reynaldo's Premium Chorizo - 4/5#</p>,Reynaldo's,"Food, Beverages & Tobacco > Food Items > Meat, Seafood & Eggs > Meat > Fresh & Frozen Meats > Pork",Food & Beverage,weight,true,Case,4/5#,,,,,,,,Prem Chorizo Rey 4/5# (01315504-01),9071.8474,shopify,5,deny,manual,4.59,,true,true,4.0,item,4,item,,,,,false,Reynaldo's Premium Chorizo,Buy Reynaldo's Premium Chorizo at Excellentia Foods. 4/5#,,lb,,2.97,active
reynaldos-pork-chorizo,Reynaldo's Pork Chorizo,<p>Reynaldo's Pork Chorizo - 6/2.5#</p>,Reynaldo's,"Food, Beverages & Tobacco > Food Items > Meat, Seafood & Eggs > Meat > Fresh & Frozen Meats > Pork",Food & Beverage,weight,true,Case,6/2.5#,,,,,,,,Pork Chorizo 6/2.5# Rey (01105206-01),6803.88555,shopify,0,deny,manual,2.60,,true,true,6.0,item,6,item,,,,,false,Reynaldo's Pork Chorizo,Buy Reynaldo's Pork Chorizo at Excellentia Foods. 6/2.5#,,lb,,1.98,active
tio-francisco-panela-regular,Tio Francisco Panela Regular,<p>Tio Francisco Panela Regular - 13#</p>,Tio Francisco,"Food, Beverages & Tobacco > Food Items > Dairy Products > Cheese",Food & Beverage,weight,true,Case,13#,,,,,,,,Panela Reg Tio Fco - 350,5896.70081,shopify,-1,deny,manual,55.51,,true,true,13.0,lb,1,lb,,,,,false,Tio Francisco Panela Regular,Buy Tio Francisco Panela Regular at Excellentia Foods. 13#,,lb,,2.89,active
tio-francisco-oaxaca-tiras,Tio Francisco Oaxaca Tiras,<p>Tio Francisco Oaxaca Tiras - 22#</p>,Tio Francisco,"Food, Beverages & Tobacco > Food Items > Dairy Products > Cheese",Food & Beverage,weight,true,Case,22#,,,,,,,,Oaxaca Tiras Tio Fco - 331,5443.10844,shopify,0,deny,manual,117.92,,true,true,22.0,lb,1,lb,,,,,false,Tio Francisco Oaxaca Tiras,Buy Tio Francisco Oaxaca Tiras at Excellentia Foods. 22#,,lb,,3.65,active
tio-francisco-michoacano-wheel,Tio Francisco Michoacano Wheel,<p>Tio Francisco Michoacano Wheel - 2/7lb</p>,Tio Francisco,"Food, Beverages & Tobacco > Food Items > Dairy Products > Cheese",Food & Beverage,weight,true,Case,2/7lb,,,,,,,,Michoacano - 173,6350.29318,shopify,0,deny,manual,9.12,,true,true,2.0,item,1,item,,,,,false,Tio Francisco Michoacano Wheel,Buy Tio Francisco Michoacano Wheel at Excellentia Foods. 2/7lb,,lb,,2.89,active
el-gran-chaparral-manteca-de-cerdo,El Gran Chaparral Manteca de Cerdo,<p>El Gran Chaparral Manteca de Cerdo - 15/2lbs</p>,El Gran Chaparral,"Food, Beverages & Tobacco > Food Items > Meat, Seafood & Eggs > Meat > Fresh & Frozen Meats > Pork",Food & Beverage,"",true,Case,15/2lbs,,,,,,,,Manteca de Cerdo 2lbs,13607.7711,shopify,0,deny,manual,37.95,,true,true,15.0,item,1,item,,,,,false,El Gran Chaparral Manteca de Cerdo,Buy El Gran Chaparral Manteca de Cerdo at Excellentia Foods. 15/2lbs,,lb,,1.90,active
tio-francisco-longaniza-mexicana,Tio Francisco Longaniza Mexicana,<p>Tio Francisco Longaniza Mexicana - 30#</p>,Tio Francisco,"Food, Beverages & Tobacco > Food Items > Meat, Seafood & Eggs > Meat > Fresh & Frozen Meats > Pork",Food & Beverage,weight,true,Case,30#,,,,,,,,Longaniza Tio Fco 6/5# - 800,13607.7711,shopify,0,deny,manual,156.00,,true,true,30.0,lb,1,lb,,,,,false,Tio Francisco Longaniza Mexicana,Buy Tio Francisco Longaniza Mexicana at Excellentia Foods. 30#,,lb,,3.79,active
reynaldos-longaniza-dried,Reynaldo's Longaniza Dried,<p>Reynaldo's Longaniza Dried - 4/5#</p>,Reynaldo's,"Food, Beverages & Tobacco > Food Items > Meat, Seafood & Eggs > Meat > Fresh & Frozen Meats > Pork",Food & Beverage,weight,true,Case,4/5#,,,,,,,,Longaniza Rey 4/5# (01305504-01),9071.8474,shopify,5,deny,manual,5.69,,true,true,4.0,item,4,item,,,,,false,Reynaldo's Longaniza Dried,Buy Reynaldo's Longaniza Dried at Excellentia Foods. 4/5#,,lb,,3.77,active
tio-francisco-fresco,Tio Francisco Fresco,<p>Tio Francisco Fresco - 15#</p>,Tio Francisco,"Food, Beverages & Tobacco > Food Items > Dairy Products > Cheese",Food & Beverage,weight,true,Case,15#,,,,,,,,Fresco - 150,6803.88555,shopify,-14,deny,manual,4.56,,true,true,15.0,lb,1,lb,,,,,false,Tio Francisco Fresco,Buy Tio Francisco Fresco at Excellentia Foods. 15#,,lb,,2.89,active
crema-mexicana-tio-panchito,Crema Mexicana Tio Panchito,<p>Crema Mexicana Tio Panchito - 32#</p>,Tio Panchito,"Food, Beverages & Tobacco > Food Items > Dairy Products > Cream",Food & Beverage,weight,true,Case,32#,,,,,,,,Crema Mexicana Tio Panchito 32#,14514.95584,shopify,0,deny,manual,63.68,,true,true,32.0,lb,1,lb,,,,,false,Crema Mexicana Tio Panchito,Buy Crema Mexicana Tio Panchito at Excellentia Foods. 32#,,lb,,1.49,active
crema-centro-americana-tio-panchito,Crema Centro Americana Tio Panchito,<p>Crema Centro Americana Tio Panchito - 32#</p>,Tio Panchito,"Food, Beverages & Tobacco > Food Items > Dairy Products > Cream",Food & Beverage,weight,true,Case,32#,,,,,,,,Crema Centro Americana Tio Panchito 32#,14514.95584,shopify,0,deny,manual,63.68,,true,true,32.0,lb,1,lb,,,,,false,Crema Centro Americana Tio Panchito,Buy Crema Centro Americana Tio Panchito at Excellentia Foods. 32#,,lb,,1.49,active
cotija-triangulo,Cotija Triangulo,<p>Cotija Triangulo - 12/1lb Rincon de Michoacan 12-13lb RW</p>,Excellentia Foods,"Food, Beverages & Tobacco > Food Items > Dairy Products > Cheese",Food & Beverage,"",true,Case,12/1lb Rincon de Michoacan 12-13lb RW,,,,,,,,Cotija TrianguloRincon - 13747,5443.10844,shopify,0,deny,manual,62.28,,true,true,12.0,lb,1,lb,,,,,false,Cotija Triangulo,Buy Cotija Triangulo at Excellentia Foods. 12/1lb Rincon de Michoacan 12-13lb RW,,lb,,3.99,active
tio-francisco-cotija-rallado,Tio Francisco Cotija Rallado,<p>Tio Francisco Cotija Rallado - 40#</p>,Tio Francisco,"Food, Beverages & Tobacco > Food Items > Dairy Products > Cheese",Food & Beverage,weight,true,Case,40#,,,,,,,,Cotija Molido Tio Fco - 002,18143.6948,shopify,0,deny,manual,200.00,,true,true,40.0,lb,1,lb,,,,,false,Tio Francisco Cotija Rallado,Buy Tio Francisco Cotija Rallado at Excellentia Foods. 40#,,lb,,3.75,active
queso-cotija-molido-el-rincon-de-michoacan,Queso Cotija Molido El Rincon de Michoacan,<p>Queso Cotija Molido El Rincon de Michoacan - 8/5#</p>,El Rincon de Michoacan,"Food, Beverages & Tobacco > Food Items > Dairy Products > Cheese",Food & Beverage,"",true,Case,8/5#,,,,,,,,Cotija Molido Rincon 40# - 60301,18143.6948,shopify,0,deny,manual,35.92,,true,true,8.0,item,1,item,,,,,false,Queso Cotija Molido El Rincon de Michoacan,Buy Queso Cotija Molido El Rincon de Michoacan at Excellentia Foods. 8/5#,,lb,,3.05,active
cotija-molido,Cotija Molido,<p>Cotija Molido - 4/5# Rincon de Michoacan</p>,Excellentia Foods,"Food, Beverages & Tobacco > Food Items > Dairy Products > Cheese",Food & Beverage,"",true,Case,4/5# Rincon de Michoacan,,,,,,,,Cotija Molido Rincon 20# - 20320,18143.6948,shopify,0,deny,manual,19.56,,true,true,4.0,item,1,item,,,,,false,Cotija Molido,Buy Cotija Molido at Excellentia Foods. 4/5# Rincon de Michoacan,,lb,,3.75,active
queso-cotija-corte-especial-el-rincon,Queso Cotija Corte Especial El Rincon,<p>Queso Cotija Corte Especial El Rincon - 40lb</p>,El Rincon de Michoacan,"Food, Beverages & Tobacco > Food Items > Dairy Products > Cheese",Food & Beverage,"",true,Case,40lb,,,,,,,,Cotija Corte Especial - 60141,18143.6948,shopify,0,deny,manual,239.60,,true,true,40.0,lb,1,lb,,,,,false,Queso Cotija Corte Especial El Rincon,Buy Queso Cotija Corte Especial El Rincon at Excellentia Foods. 40lb,,lb,,5.10,active
bafar-traditional-ham-jamon-de-puerco,Bafar Traditional Ham / Jamon de Puerco,<p>Bafar Traditional Ham / Jamon de Puerco - 17.62#</p>,Bafar,"Food, Beverages & Tobacco > Food Items > Meat, Seafood & Eggs > Meat > Fresh & Frozen Meats > Pork",Food & Beverage,weight,true,Case,17.62#,,,,,,,,Cooked  Ham,7992.2975594,shopify,0,deny,manual,59.73,,true,true,17.62,lb,1,lb,,,,,false,Bafar Traditional Ham / Jamon de Puerco,Buy Bafar Traditional Ham / Jamon de Puerco at Excellentia Foods. 17.62#,,lb,,2.25,active
cremi-mex-oaxaca-tiras,Cremi Mex Oaxaca Tiras,<p>Cremi Mex Oaxaca Tiras - 4/5#</p>,Cremi Mex,"Food, Beverages & Tobacco > Food Items > Dairy Products > Cheese",Food & Beverage,weight,true,Case,4/5#,,,,,,,,CMEX Oaxaca - 1117,9071.8474,shopify,0,deny,manual,21.16,,true,true,4.0,item,1,item,,,,,false,Cremi Mex Oaxaca Tiras,Buy Cremi Mex Oaxaca Tiras at Excellentia Foods. 4/5#,,lb,,3.79,active
cremi-mex-crema-mex,Cremi Mex Crema Mex,<p>Cremi Mex Crema Mex - 32#</p>,Cremi Mex,"Food, Beverages & Tobacco > Food Items > Dairy Products > Sour Cream",Food & Beverage,weight,true,Case,32#,,,,,,,,CMEX Crema Mex -1001,14514.95584,shopify,0,deny,manual,63.68,,true,true,32.0,item,1,item,,,,,false,Cremi Mex Crema Mex,Buy Cremi Mex Crema Mex at Excellentia Foods. 32#,,lb,,1.40,active
cremrica-sin-sal,CremRica Sin Sal,<p>CremRica Sin Sal - 32#</p>,CremRica,"Food, Beverages & Tobacco > Food Items > Dairy Products > Cream",Food & Beverage,weight,true,Case,32#,,,,,,,,CMEX Crema Crema SinSal-1003,14514.95584,shopify,0,deny,manual,63.68,,true,true,32.0,item,1,item,,,,,false,CremRica Sin Sal,Buy CremRica Sin Sal at Excellentia Foods. 32#,,lb,,1.40,active
cremi-mex-crema-centro-americana,Cremi Mex Crema Centro Americana,<p>Cremi Mex Crema Centro Americana - 32#</p>,Cremi Mex,"Food, Beverages & Tobacco > Food Items > Dairy Products > Cream",Food & Beverage,weight,true,Case,32#,,,,,,,,CMEX Crema CentroA-1002,14514.95584,shopify,0,deny,manual,63.68,,true,true,32.0,item,1,item,,,,,false,Cremi Mex Crema Centro Americana,Buy Cremi Mex Crema Centro Americana at Excellentia Foods. 32#,,lb,,1.40,active
el-gran-chaparral-chuleta-ahumada,El Gran Chaparral Chuleta Ahumada,<p>El Gran Chaparral Chuleta Ahumada - 3 pck/59lbs</p>,El Gran Chaparral,"Food, Beverages & Tobacco > Food Items > Meat, Seafood & Eggs > Meat > Fresh & Frozen Meats > Pork",Food & Beverage,"",true,Case,3 pck/59lbs,,,,,,,,Chuleta Ahumada 3 pck/59lbs,80285.84949,shopify,0,deny,manual,8.37,,true,true,1.0,item,1,item,,,,,false,El Gran Chaparral Chuleta Ahumada,Buy El Gran Chaparral Chuleta Ahumada at Excellentia Foods. 3 pck/59lbs,,lb,,2.40,active
chicken-nuggets,Chicken Nuggets,<p>Chicken Nuggets - 22.04lb</p>,Excellentia Foods,"Food, Beverages & Tobacco > Food Items > Meat, Seafood & Eggs > Meat > Fresh & Frozen Meats > Poultry > Chicken",Food & Beverage,"",true,Case,22.04lb,,,,,,,,Chicken Nuggets,9997.1758348,shopify,0,deny,manual,63.92,,true,true,22.04,lb,1,lb,,,,,false,Chicken Nuggets,Buy Chicken Nuggets at Excellentia Foods. 22.04lb,,lb,,2.10,active
breaded-boneless-chicken-breast-chunks,Breaded Boneless Chicken Breast Chunks,<p>Breaded Boneless Chicken Breast Chunks - 22.04lb</p>,Excellentia Foods,"Food, Beverages & Tobacco > Food Items > Meat, Seafood & Eggs > Meat > Fresh & Frozen Meats > Poultry > Chicken",Food & Beverage,"",true,Case,22.04lb,,,,,,,,Chicken Boneless Breaded Chunks,9979.03214,shopify,0,deny,manual,63.92,,true,true,22.04,lb,1,lb,,,,,false,Breaded Boneless Chicken Breast Chunks,Buy Breaded Boneless Chicken Breast Chunks at Excellentia Foods. 22.04lb,,lb,,2.10,active
bafar-pork-chicharron-prensado,Bafar Pork Chicharron Prensado,<p>Bafar Pork Chicharron Prensado - 20/1lb each</p>,Bafar,"Food, Beverages & Tobacco > Food Items > Meat, Seafood & Eggs > Meat > Fresh & Frozen Meats > Pork",Food & Beverage,weight,true,Case,20/1lb each,,,,,,,,ChichPrensado,9071.8474,shopify,0,deny,manual,132.00,,true,true,20.0,lb,1,lb,,,,,false,Bafar Pork Chicharron Prensado,Buy Bafar Pork Chicharron Prensado at Excellentia Foods. 20/1lb each,,lb,,4.65,active
chicharron-delgado,Chicharron Delgado,<p>Chicharron Delgado - 5#</p>,Excellentia Foods,"Food, Beverages & Tobacco > Food Items > Meat, Seafood & Eggs > Meat > Fresh & Frozen Meats > Pork",Food & Beverage,"",true,Case,5#,,,,,,,,ChicharronDelgado,0.0,shopify,0,deny,manual,38.75,,true,true,5.0,lb,1,lb,,,,,false,Chicharron Delgado,Buy Chicharron Delgado at Excellentia Foods. 5#,,lb,,6.00,active
chicharron-don-jose,Chicharron Don Jose,<p>Chicharron Don Jose - 10#</p>,Don Jose,"Food, Beverages & Tobacco > Food Items > Meat, Seafood & Eggs > Meat > Fresh & Frozen Meats > Pork",Food & Beverage,weight,true,Case,10#,,,,,,,,Chicharron,4535.9237,shopify,-1,deny,manual,65.00,,true,true,10.0,lb,1,lb,"",,,,false,Chicharron Don Jose,Buy Chicharron Don Jose at Excellentia Foods. 10#,,lb,,5.40,active
reynaldos-beef-chorizo,Reynaldo's Beef Chorizo,<p>Reynaldo's Beef Chorizo - 6/2.5#</p>,Reynaldo's,"Food, Beverages & Tobacco > Food Items > Meat, Seafood & Eggs > Meat > Fresh & Frozen Meats > Pork",Food & Beverage,weight,true,Case,6/2.5#,,,,,,,,Beef Chorizo 6/2.5# Rey (01205206-01),6803.88555,shopify,5,deny,manual,2.60,,true,true,6.0,item,6,item,,,,,false,Reynaldo's Beef Chorizo,Buy Reynaldo's Beef Chorizo at Excellentia Foods. 6/2.5#,,lb,,1.98,active
don-francisco-ate-membrillo,Don Francisco Ate Membrillo,<p>Don Francisco Ate Membrillo - 29#</p>,Don Francisco,"Food, Beverages & Tobacco > Food Items > Dips & Spreads > Jams & Jellies",Food & Beverage,weight,true,Case,29#,,,,,,,,AteM - 500,13154.17873,shopify,0,deny,manual,66.41,,true,true,29.0,lb,1,lb,,,,,false,Don Francisco Ate Membrillo,Buy Don Francisco Ate Membrillo at Excellentia Foods. 29#,,lb,,1.69,active
don-francisco-ate-guayaba,Don Francisco Ate Guayaba,<p>Don Francisco Ate Guayaba - 29#</p>,Don Francisco,"Food, Beverages & Tobacco > Food Items > Dips & Spreads > Jams & Jellies",Food & Beverage,weight,true,Case,29#,,,,,,,,AteG - 501,13154.17873,shopify,0,deny,manual,66.41,,true,true,29.0,lb,1,lb,,,,,false,Don Francisco Ate Guayaba,Buy Don Francisco Ate Guayaba at Excellentia Foods. 29#,,lb,,1.69,active
chicharron-de-pierna,Chicharron de Pierna,<p>Chicharron de Pierna - 10#</p>,Excellentia Foods,"Food, Beverages & Tobacco > Food Items > Meat, Seafood & Eggs > Meat > Fresh & Frozen Meats > Pork",Food & Beverage,"",true,Case,10#,,,,,,,,,4535.9237,shopify,0,deny,manual,92.90,,true,true,10.0,lb,1,lb,,,,,false,Chicharron de Pierna,Buy Chicharron de Pierna at Excellentia Foods. 10#,,lb,,6.25,active
zanahorias,Zanahorias,<p>Zanahorias - 11#</p>,Excellentia Foods,"Food, Beverages & Tobacco > Food Items > Fruits & Vegetables > Fresh & Frozen Vegetables > Carrots",Food & Beverage,"",true,Case,11#,,,,,,,,Zanahorias 11#,4989.51607,shopify,0,deny,manual,40.00,,true,true,1.0,item,1,item,,,,,false,Zanahorias,Buy Zanahorias at Excellentia Foods. 11#,,lb,,27.00,active
tamal-de-elote-corval,Tamal de Elote Corval,<p>Tamal de Elote Corval - 2/180oz</p>,Corval,"Food, Beverages & Tobacco > Food Items > Fruits & Vegetables > Dried Vegetables",Food & Beverage,"",true,Case,2/180oz,,,,,,,,Tamal Elote Rincon Case - 64001,10205.828325,shopify,0,deny,manual,136.00,,true,true,2.0,item,1,item,,,,,false,Tamal de Elote Corval,Buy Tamal de Elote Corval at Excellentia Foods. 2/180oz,,oz,,49.00,active
el-mejor-sal-para-carnitas,El Mejor Sal para Carnitas,<p>El Mejor Sal para Carnitas - 50#</p>,El Mejor,"Food, Beverages & Tobacco > Food Items > Seasonings & Spices > Salt",Food & Beverage,"",true,Case,50#,,,,,,,,SalCarnitas,22679.6185,shopify,0,deny,manual,150.00,,true,true,1.0,item,1,item,,,,,false,El Mejor Sal para Carnitas,Buy El Mejor Sal para Carnitas at Excellentia Foods. 50#,,lb,,75.00,active
pepino-en-vinagre,Pepino en Vinagre,<p>Pepino en Vinagre - 11#</p>,Excellentia Foods,"Food, Beverages & Tobacco > Food Items > Condiments & Sauces > Pickled Fruits & Vegetables",Food & Beverage,"",true,Case,11#,,,,,,,,Pepino,4989.51607,shopify,0,deny,manual,38.00,,true,true,1.0,item,1,item,,,,,false,Pepino en Vinagre,Buy Pepino en Vinagre at Excellentia Foods. 11#,,lb,,22.00,active
pata-en-vinagre,Pata en Vinagre,<p>Pata en Vinagre - 12/1#</p>,Excellentia Foods,"Food, Beverages & Tobacco > Food Items > Meat, Seafood & Eggs > Meat > Canned Meats",Food & Beverage,"",true,Case,12/1#,,,,,,,,Pata 1#,5443.10844,shopify,0,deny,manual,50.00,,true,true,1.0,item,1,item,,,,,false,Pata en Vinagre,Buy Pata en Vinagre at Excellentia Foods. 12/1#,,lb,,32.00,active
pata-en-vinagre,,,,,,,,,11#,,,,,,,,Pata 11#,4989.51607,shopify,0,deny,manual,50.00,,true,true,1.0,item,1,item,,,,,,,,,lb,,31.00,
lala-drinkable-strwbanana-single-serve-yogurt,LALA Drinkable Strw/Banana Single Serve Yogurt,<p>LALA Drinkable Strw/Banana Single Serve Yogurt - 7oz/8#</p>,LALA,"Food, Beverages & Tobacco > Food Items > Dairy Products > Yogurt",Food & Beverage,"",true,Case,7oz/8#,,,,,,,,LalaYogurtSingleStrw/Ban,1587.573295,shopify,0,deny,manual,10.56,,true,true,1.0,item,1,item,,,,,false,LALA Drinkable Strw/Banana Single Serve Yogurt,Buy LALA Drinkable Strw/Banana Single Serve Yogurt at Excellentia Foods. 7oz/8#,,oz,,7.83,active
lala-drinkable-strawberry-single-serve-yogurt,LALA Drinkable Strawberry Single Serve Yogurt,<p>LALA Drinkable Strawberry Single Serve Yogurt - 7oz/8#</p>,LALA,"Food, Beverages & Tobacco > Food Items > Dairy Products > Yogurt",Food & Beverage,"",true,Case,7oz/8#,,,,,,,,LalaYogurtSingleStrw,1587.573295,shopify,0,deny,manual,10.56,,true,true,1.0,item,1,item,,,,,false,LALA Drinkable Strawberry Single Serve Yogurt,Buy LALA Drinkable Strawberry Single Serve Yogurt at Excellentia Foods. 7oz/8#,,oz,,7.83,active
lala-drinkable-pecan-cerealsingle-serve-yogurt,LALA Drinkable Pecan CerealSingle Serve Yogurt,<p>LALA Drinkable Pecan CerealSingle Serve Yogurt - 7oz/8#</p>,LALA,"Food, Beverages & Tobacco > Food Items > Dairy Products > Yogurt",Food & Beverage,"",true,Case,7oz/8#,,,,,,,,LalaYogurtSinglePecan,1587.573295,shopify,0,deny,manual,10.56,,true,true,1.0,item,1,item,,,,,false,LALA Drinkable Pecan CerealSingle Serve Yogurt,Buy LALA Drinkable Pecan CerealSingle Serve Yogurt at Excellentia Foods. 7oz/8#,,oz,,7.83,active
lala-drinkable-peach-cerealsingle-serve-yogurt,LALA Drinkable Peach CerealSingle Serve Yogurt,<p>LALA Drinkable Peach CerealSingle Serve Yogurt - 7oz/8#</p>,LALA,"Food, Beverages & Tobacco > Food Items > Dairy Products > Yogurt",Food & Beverage,"",true,Case,7oz/8#,,,,,,,,LalaYogurtSinglePeach,1587.573295,shopify,0,deny,manual,10.56,,true,true,1.0,item,1,item,,,,,false,LALA Drinkable Peach CerealSingle Serve Yogurt,Buy LALA Drinkable Peach CerealSingle Serve Yogurt at Excellentia Foods. 7oz/8#,,oz,,7.83,active
lala-drinkable-mixed-berry-single-serve-yogurt,LALA Drinkable Mixed Berry Single Serve Yogurt,<p>LALA Drinkable Mixed Berry Single Serve Yogurt - 7oz/8#</p>,LALA,"Food, Beverages & Tobacco > Food Items > Dairy Products > Yogurt",Food & Beverage,"",true,Case,7oz/8#,,,,,,,,LalaYogurtSingleMixed,1587.573295,shopify,0,deny,manual,10.56,,true,true,1.0,item,1,item,,,,,false,LALA Drinkable Mixed Berry Single Serve Yogurt,Buy LALA Drinkable Mixed Berry Single Serve Yogurt at Excellentia Foods. 7oz/8#,,oz,,7.83,active
lala-drinkable-mango-single-serve-yogurt,LALA Drinkable Mango Single Serve Yogurt,<p>LALA Drinkable Mango Single Serve Yogurt - 7oz/8#</p>,LALA,"Food, Beverages & Tobacco > Food Items > Dairy Products > Yogurt",Food & Beverage,"",true,Case,7oz/8#,,,,,,,,LalaYogurtSingleMango,1587.573295,shopify,0,deny,manual,10.56,,true,true,1.0,item,1,item,,,,,false,LALA Drinkable Mango Single Serve Yogurt,Buy LALA Drinkable Mango Single Serve Yogurt at Excellentia Foods. 7oz/8#,,oz,,7.83,active
lala-drinkable-single-serve-yogurt,LALA Drinkable Single Serve Yogurt,<p>LALA Drinkable Single Serve Yogurt - 7oz/8#</p>,LALA,"Food, Beverages & Tobacco > Food Items > Dairy Products > Yogurt",Food & Beverage,"",true,Case,7oz/8#,,,,,,,,LalaYogurtSingle,1587.573295,shopify,0,deny,manual,10.56,,true,true,1.0,item,1,item,,,,,false,LALA Drinkable Single Serve Yogurt,Buy LALA Drinkable Single Serve Yogurt at Excellentia Foods. 7oz/8#,,oz,,7.83,active
lala-milk-whole,LALA Milk Whole,<p>LALA Milk Whole - 3.5% 32oz/12#</p>,LALA,"Food, Beverages & Tobacco > Beverages > Milk",Food & Beverage,"",true,Case,3.5% 32oz/12#,,,,,,,,LalaWholeMilk,10886.21688,shopify,0,deny,manual,38.00,,true,true,1.0,item,1,item,,,,,false,LALA Milk Whole,Buy LALA Milk Whole at Excellentia Foods. 3.5% 32oz/12#,,oz,,26.40,active
lala-uht-milk-strawberry,LALA UHT Milk Strawberry,<p>LALA UHT Milk Strawberry - 4pk/6cs/8oz</p>,LALA,"Food, Beverages & Tobacco > Beverages > Milk",Food & Beverage,"",true,Case,4pk/6cs/8oz,,,,,,,,LALAStr4pk,5443.10844,shopify,0,deny,manual,28.99,,true,true,1.0,item,1,item,,,,,false,LALA UHT Milk Strawberry,Buy LALA UHT Milk Strawberry at Excellentia Foods. 4pk/6cs/8oz,,oz,,21.96,active
lala-uht-milk-strawberry,,,,,,,,,32oz/12#,,,,,,,,LalaStrawberryMilk32,10886.21688,shopify,0,deny,manual,38.00,,true,true,1.0,item,1,item,,,,,,,,,oz,,27.12,
lala-uht-milk-reduce-fat,LALA UHT Milk Reduce Fat,<p>LALA UHT Milk Reduce Fat - 2% 32oz/12#</p>,LALA,"Food, Beverages & Tobacco > Beverages > Milk",Food & Beverage,"",true,Case,2% 32oz/12#,,,,,,,,LalaReduceFat,10886.21688,shopify,0,deny,manual,38.00,,true,true,1.0,item,1,item,,,,,false,LALA UHT Milk Reduce Fat,Buy LALA UHT Milk Reduce Fat at Excellentia Foods. 2% 32oz/12#,,oz,,27.12,active
lala-nutri-uht-milk,LALA Nutri UHT Milk,<p>LALA Nutri UHT Milk - 32oz/12#</p>,LALA,"Food, Beverages & Tobacco > Beverages > Milk",Food & Beverage,"",true,Case,32oz/12#,,,,,,,,LalaNutriMilk,10886.21688,shopify,0,deny,manual,28.00,,true,true,1.0,item,1,item,,,,,false,LALA Nutri UHT Milk,Buy LALA Nutri UHT Milk at Excellentia Foods. 32oz/12#,,oz,,20.64,active
lala-uht-whole-milk,LALA UHT Whole Milk,<p>LALA UHT Whole Milk - 4pk/6cs/8oz</p>,LALA,"Food, Beverages & Tobacco > Beverages > Milk",Food & Beverage,"",true,Case,4pk/6cs/8oz,,,,,,,,LALAMilkWhole4pk,5443.10844,shopify,0,deny,manual,28.99,,true,true,1.0,item,1,item,,,,,false,LALA UHT Whole Milk,Buy LALA UHT Whole Milk at Excellentia Foods. 4pk/6cs/8oz,,oz,,21.96,active
lala-milk-reduce-fat-lactose-free,LALA Milk Reduce Fat Lactose Free,<p>LALA Milk Reduce Fat Lactose Free - 2% 32oz/12#</p>,LALA,"Food, Beverages & Tobacco > Beverages > Milk",Food & Beverage,"",true,Case,2% 32oz/12#,,,,,,,,LalaLacFreeMilk,10886.21688,shopify,0,deny,manual,38.00,,true,true,1.0,item,1,item,,,,,false,LALA Milk Reduce Fat Lactose Free,Buy LALA Milk Reduce Fat Lactose Free at Excellentia Foods. 2% 32oz/12#,,oz,,27.12,active
lala-crema-salvadorea-pourable,LALA Crema Salvadore??a Pourable,<p>LALA Crema Salvadore??a Pourable - 15oz/6cs</p>,LALA,"Food, Beverages & Tobacco > Food Items > Dairy Products > Sour Cream",Food & Beverage,"",true,Case,15oz/6cs,,,,,,,,LalaCremaSalv,2551.45708125,shopify,0,deny,manual,24.00,,true,true,1.0,item,1,item,,,,,false,LALA Crema Salvadore??a Pourable,Buy LALA Crema Salvadore??a Pourable at Excellentia Foods. 15oz/6cs,,oz,,18.00,active
lala-crema-pourable,LALA Crema Pourable,<p>LALA Crema Pourable - 15oz/6cs</p>,LALA,"Food, Beverages & Tobacco > Food Items > Dairy Products > Cream",Food & Beverage,"",true,Case,15oz/6cs,,,,,,,,LALACremaPour,2551.45708125,shopify,-2,deny,manual,24.00,,true,true,1.0,item,1,item,,,,,false,LALA Crema Pourable,Buy LALA Crema Pourable at Excellentia Foods. 15oz/6cs,,oz,,18.00,active
lala-crema-mexicana,LALA Crema Mexicana,<p>LALA Crema Mexicana - 12/16oz</p>,LALA,"Food, Beverages & Tobacco > Food Items > Dairy Products > Sour Cream",Food & Beverage,"",true,Case,12/16oz,,,,,,,,LalaCremaMex,5443.10844,shopify,0,deny,manual,41.00,,true,true,1.0,item,1,item,,,,,false,LALA Crema Mexicana,Buy LALA Crema Mexicana at Excellentia Foods. 12/16oz,,oz,,31.32,active
lala-uht-milk-chocolate,LALA UHT Milk Chocolate,<p>LALA UHT Milk Chocolate - 4pk/6cs/8oz</p>,LALA,"Food, Beverages & Tobacco > Beverages > Milk",Food & Beverage,"",true,Case,4pk/6cs/8oz,,,,,,,,LALACho4pk,5443.10844,shopify,0,deny,manual,28.99,,true,true,1.0,item,1,item,,,,,false,LALA UHT Milk Chocolate,Buy LALA UHT Milk Chocolate at Excellentia Foods. 4pk/6cs/8oz,,oz,,21.96,active
lala-uht-milk-chocolate,,,,,,,,,32oz/12#,,,,,,,,LalaChocolateMilk32,10886.21688,shopify,0,deny,manual,38.00,,true,true,1.0,item,1,item,,,,,,,,,oz,,27.12,
cueritos,Cueritos,<p>Cueritos - 12/1#</p>,Excellentia Foods,"Food, Beverages & Tobacco > Food Items > Meat, Seafood & Eggs > Meat > Fresh & Frozen Meats > Pork",Food & Beverage,"",true,Case,12/1#,,,,,,,,Cueritos 1#,5443.10844,shopify,0,deny,manual,42.00,,true,true,1.0,item,1,item,,,,,false,Cueritos,Buy Cueritos at Excellentia Foods. 12/1#,,lb,,27.00,active
cueritos,,,,,,,,,11#,,,,,,,,Cueritos 11#,4989.51607,shopify,0,deny,manual,32.00,,true,true,1.0,item,1,item,,,,,,,,,lb,,20.00,
cueritos,,,,,,,,,6/2#,,,,,,,,Cueritos 2#,5443.10844,shopify,0,deny,manual,42.00,,true,true,1.0,item,1,item,,,,,,,,,lb,,27.00,
cueritos,,,,,,,,,4/5#,,,,,,,,Cueritos 5#,9071.8474,shopify,0,deny,manual,48.00,,true,true,1.0,item,1,item,,,,,,,,,lb,,36.00,
el-mejor-adobo-chorizo-mix,El Mejor Adobo Chorizo Mix,<p>El Mejor Adobo Chorizo Mix - 50#</p>,El Mejor,"Food, Beverages & Tobacco > Food Items > Seasonings & Spices",Food & Beverage,"",true,Case,50#,,,,,,,,ChorizoMix50#,22679.6185,shopify,0,deny,manual,150.00,,true,true,1.0,item,1,item,,,,,false,El Mejor Adobo Chorizo Mix,Buy El Mejor Adobo Chorizo Mix at Excellentia Foods. 50#,,lb,,85.00,active
chiles-gueritos-yellow-peppers,Chiles Gueritos (Yellow Peppers),<p>Chiles Gueritos (Yellow Peppers) - 11#</p>,Excellentia Foods,"Food, Beverages & Tobacco > Food Items > Fruits & Vegetables > Fresh & Frozen Vegetables > Peppers",Food & Beverage,"",true,Case,11#,,,,,,,,Chiles 11#,4989.51607,shopify,0,deny,manual,53.00,,true,true,1.0,item,1,item,,,,,false,Chiles Gueritos (Yellow Peppers),Buy Chiles Gueritos (Yellow Peppers) at Excellentia Foods. 11#,,lb,,35.00,active
chiles-gueritos,Chiles Gueritos,<p>Chiles Gueritos - 12/1#</p>,Excellentia Foods,"Food, Beverages & Tobacco > Food Items > Fruits & Vegetables > Fresh & Frozen Vegetables > Peppers",Food & Beverage,"",true,Case,12/1#,,,,,,,,Chiles 1#,5443.10844,shopify,0,deny,manual,53.00,,true,true,1.0,item,1,item,,,,,false,Chiles Gueritos,Buy Chiles Gueritos at Excellentia Foods. 12/1#,,lb,,35.00,active
el-mejor-chicken-seasoning,El Mejor Chicken Seasoning,<p>El Mejor Chicken Seasoning - 25#</p>,El Mejor,"Food, Beverages & Tobacco > Food Items > Seasonings & Spices",Food & Beverage,"",true,Case,25#,,,,,,,,ChickenSeasoning Mejor,11339.80925,shopify,0,deny,manual,70.00,,true,true,1.0,item,1,item,,,,,false,El Mejor Chicken Seasoning,Buy El Mejor Chicken Seasoning at Excellentia Foods. 25#,,lb,,50.00,active
el-campestre-chicken-seasoning,El Campestre Chicken Seasoning,<p>El Campestre Chicken Seasoning - 25#</p>,El Campestre,"Food, Beverages & Tobacco > Food Items > Seasonings & Spices",Food & Beverage,"",true,Case,25#,,,,,,,,ChickenSeasoning Camp,11339.80925,shopify,0,deny,manual,70.00,,true,true,1.0,item,1,item,,,,,false,El Campestre Chicken Seasoning,Buy El Campestre Chicken Seasoning at Excellentia Foods. 25#,,lb,,38.75,active
capeador-fish-taco-batter-mix-sack,Capeador-Fish Taco Batter Mix Sack,<p>Capeador-Fish Taco Batter Mix Sack - 10kg / 22lbs</p>,EsEns,"Food, Beverages & Tobacco > Food Items > Cooking & Baking Ingredients > Batter & Coating Mixes",Food & Beverage,weight,true,Case,10kg / 22lbs,,,,,,,,Capeador-Fish Taco Batter SACK,9979.03214,shopify,0,deny,manual,63.00,,true,true,1.0,item,1,item,,,,,false,Capeador-Fish Taco Batter Mix Sack,Buy Capeador-Fish Taco Batter Mix Sack at Excellentia Foods. 10kg / 22lbs,,lb,,45.90,active
el-mejor-beef-seasoning,El Mejor Beef Seasoning,<p>El Mejor Beef Seasoning - 25#</p>,El Mejor,"Food, Beverages & Tobacco > Food Items > Seasonings & Spices",Food & Beverage,"",true,Case,25#,,,,,,,,BeefSeasoning Mejor,11339.80925,shopify,0,deny,manual,70.00,,true,true,1.0,item,1,item,,,,,false,El Mejor Beef Seasoning,Buy El Mejor Beef Seasoning at Excellentia Foods. 25#,,lb,,50.00,active
el-campestre-beef-seasoning,El Campestre Beef Seasoning,<p>El Campestre Beef Seasoning - 25#</p>,El Campestre,"Food, Beverages & Tobacco > Food Items > Seasonings & Spices",Food & Beverage,"",true,Case,25#,,,,,,,,BeefSeasoning Camp,11339.80925,shopify,0,deny,manual,70.00,,true,true,1.0,item,1,item,,,,,false,El Campestre Beef Seasoning,Buy El Campestre Beef Seasoning at Excellentia Foods. 25#,,lb,,38.75,active
el-mejor-adobo-al-pastor,El Mejor Adobo Al Pastor,<p>El Mejor Adobo Al Pastor - 35#</p>,El Mejor,"Food, Beverages & Tobacco > Food Items > Seasonings & Spices",Food & Beverage,"",true,Case,35#,,,,,,,,Adobo Mejor,15875.73295,shopify,0,deny,manual,92.00,,true,true,1.0,item,1,item,,,,,false,El Mejor Adobo Al Pastor,Buy El Mejor Adobo Al Pastor at Excellentia Foods. 35#,,lb,,65.00,active
el-campestre-adobo-mix,El Campestre Adobo Mix,<p>El Campestre Adobo Mix - 28#</p>,El Campestre,"Food, Beverages & Tobacco > Food Items > Seasonings & Spices",Food & Beverage,"",true,Case,28#,,,,,,,,Adobo Camp,12700.58636,shopify,0,deny,manual,70.00,,true,true,1.0,item,1,item,,,,,false,El Campestre Adobo Mix,Buy El Campestre Adobo Mix at Excellentia Foods. 28#,,lb,,44.00,active
